[
    { "label": "Bar", "value": "Bar" },
    { "label": "Restaurant", "value": "Restaurant" },
    { "label": "Salle de concert", "value": "Salle de concert" },
    { "label": "Salle de spectacle", "value": "Salle de spectacle" },
    { "label": "Club", "value": "Club" },
    { "label": "Théâtre", "value": "Théâtre" },
    { "label": "Cinéma", "value": "Cinéma" },
    { "label": "Lounge", "value": "Lounge" },
    { "label": "Café", "value": "Café" },
    { "label": "Brasserie", "value": "Brasserie" }
]
